–í—Ä–µ–º—è,–ò–º—è –ø–æ–ª—å–∑–æ–≤–∞—Ç–µ–ª—è,–°–æ–æ–±—â–µ–Ω–∏–µ
2024-08-02 13:02:02,wht_trc,
2024-08-02 11:54:48,–ù–µ–∏–∑–≤–µ—Å—Ç–Ω—ã–π,"Hi, I have created a dataset on Inequality in Education around the World. If you have time, then check this out:

https://www.kaggle.com/datasets/iamsouravbanerjee/inequality-in-education-around-the-world"
2024-08-02 11:30:12,ashif_ansari86,anybody have heart diease data set
2024-08-02 11:29:21,ashif_ansari86,
2024-08-02 06:49:11,–ù–µ–∏–∑–≤–µ—Å—Ç–Ω—ã–π,done
2024-08-02 02:43:44,–ù–µ–∏–∑–≤–µ—Å—Ç–Ω—ã–π,Done all
2024-08-01 23:30:10,ArashMirhaji,"https://www.kaggle.com/code/heidarmirhajisadati/integrating-cryptocurrencies-and-blockchain-techno

https://www.kaggle.com/code/heidarmirhajisadati/mutual-funds-performance-analysis-and-evaluation

https://www.kaggle.com/code/heidarmirhajisadati/loan-credit-prediction-model

Hello all üí´

Could you upvote please my dear friend üòâ‚úÖüôè"
2024-08-01 23:23:38,ArashMirhaji,Done and commented ‚úÖ
2024-08-01 23:22:16,ArashMirhaji,Done and commented ‚úÖ
2024-08-01 23:21:42,ArashMirhaji,Done and commented ‚úÖ
2024-08-01 22:48:05,saab_abdi,"Hello
Please support to make my code silver
Thank you in advance and good luck

https://www.kaggle.com/code/saharabdi/close-column-prediction-with-lstm-stock-market"
2024-08-01 15:24:28,Sarametawea,https://www.kaggle.com/code/sarametawea/test-scores-gradient-decent
2024-08-01 15:15:12,AhmedWaleed9050,https://www.kaggle.com/code/ahmedwaleed1903/who-is-the-most-powerful please upvote this
2024-08-01 15:14:31,AhmedWaleed9050,
2024-08-01 11:36:26,redshoot8,
2024-08-01 10:11:58,Vk142004,"Hi everyone, 
does anybody has lidar and thermal dataset of a single picture"
2024-08-01 09:02:45,Sandeeplovek24,
2024-08-01 07:59:16,–ù–µ–∏–∑–≤–µ—Å—Ç–Ω—ã–π,"Hello everyone,
I am working on llmgraphtransformer I am working on it and stuck at a point . Can anyone guide me to come out isuue."
2024-08-01 07:56:31,–ù–µ–∏–∑–≤–µ—Å—Ç–Ω—ã–π,
2024-08-01 04:24:35,badhautiyaG,
2024-07-31 22:12:08,ArashMirhaji,"https://www.kaggle.com/code/heidarmirhajisadati/email-phishing-detection-in-financial-banking

https://www.kaggle.com/code/heidarmirhajisadati/mutual-funds-performance-analysis-and-evaluation

https://www.kaggle.com/code/heidarmirhajisadati/integrating-cryptocurrencies-and-blockchain-techno

Hello all üí´

Could you upvote please my dear friend üòâ‚úÖüôè"
2024-07-31 22:10:23,ArashMirhaji,Done ‚úÖ
2024-07-31 20:13:44,–ù–µ–∏–∑–≤–µ—Å—Ç–Ω—ã–π,"Hello üëã

Could you upvote please my dear friend üôè

https://www.kaggle.com/code/mehmetisik/airbnb-nyc-eda-price-prediction-ml

https://www.kaggle.com/code/mehmetisik/regularization-practice-for-beginners-house-price

https://www.kaggle.com/code/mehmetisik/item-based-collaborative-filtering

https://www.kaggle.com/code/mehmetisik/regression-practice-for-beginners-housing-price"
2024-07-31 17:19:47,sayanSRK,"Checkout my latest Dataset.. 

https://www.kaggle.com/datasets/sayankr007/cyber-bullying-data-for-multi-label-classification"
2024-07-31 16:57:41,suvradeepp,"Hey i am really close to get gold in these notebooks so kindly upvote and some suggestions for future improvement :)

https://www.kaggle.com/code/suvroo/complete-nlp-pipeline

https://www.kaggle.com/code/suvroo/xgb-indian-metropolitian-city-rent-prediction

https://www.kaggle.com/code/suvroo/automl-and-autoeda-using-h20-tpot-and-more"
2024-07-31 13:44:16,nmo513,"Please upvote 

https://www.kaggle.com/code/getanmolgupta01/pss4e7-xgb-cb-lgbm-voting"
2024-07-31 13:19:58,Akshayvdalvi,"Need help!
As part of application system architecture diagrams automation, want to use mermaid and python. 
Has anyone used mermaid with python for creating diagrams?"
2024-07-31 11:55:06,Ar4245,
2024-07-31 11:49:25,–ù–µ–∏–∑–≤–µ—Å—Ç–Ω—ã–π,
2024-07-31 09:24:59,–ù–µ–∏–∑–≤–µ—Å—Ç–Ω—ã–π,done
2024-07-31 08:03:44,Ravi20076,Voted for all recent ones
2024-07-31 08:02:16,Ravi20076,"Hello all,

Seeking some help on the below kernels 

https://www.kaggle.com/code/ravi20076/package-dependencies

https://www.kaggle.com/code/ravi20076/packages-datawrangling-v1

https://www.kaggle.com/code/ravi20076/playgrounds4e07-autogluon-starter"
2024-07-31 05:43:16,–ù–µ–∏–∑–≤–µ—Å—Ç–Ω—ã–π,
2024-07-31 05:07:10,–ù–µ–∏–∑–≤–µ—Å—Ç–Ω—ã–π,"https://www.kaggle.com/code/vimlendusharma/metrics-for-text-similarity

please upvote this"
2024-07-31 04:55:31,Deepashri0796,
2024-07-31 02:35:29,–ù–µ–∏–∑–≤–µ—Å—Ç–Ω—ã–π,
2024-07-30 22:23:25,ArashMirhaji,"https://www.kaggle.com/code/heidarmirhajisadati/loan-credit-prediction-model

https://www.kaggle.com/code/heidarmirhajisadati/ai-powered-fraud-detection-in-auditing

https://www.kaggle.com/code/heidarmirhajisadati/overfitting-and-underfitting


Hello all üí´

Could you upvote please my dear friend üòâ‚úÖüôè"
2024-07-30 22:21:06,ArashMirhaji,Done ‚úÖ
2024-07-30 22:17:00,ArashMirhaji,Done and commented ‚úÖ
2024-07-30 22:10:05,ArashMirhaji,Done and Commented ‚úÖ
2024-07-30 18:08:05,Arkobera77,
2024-07-30 16:51:40,–ù–µ–∏–∑–≤–µ—Å—Ç–Ω—ã–π,"Could you upvote please my dear friend üôè 

https://www.kaggle.com/code/mehmetisik/sentiment-analysis-twitter-nlp-machine-learning

https://www.kaggle.com/code/mehmetisik/regression-practice-for-beginners-housing-price

https://www.kaggle.com/code/mehmetisik/airbnb-nyc-eda-price-prediction-ml"
2024-07-30 14:59:14,sjrnfnx,https://www.kaggle.com/code/sahityasetu/sentiment-analysis-for-mental-health-monitoring
2024-07-30 14:10:39,–ù–µ–∏–∑–≤–µ—Å—Ç–Ω—ã–π,
2024-07-30 11:52:27,Evtechproduct,
2024-07-30 10:43:31,Yash161101,"I am super close to a gold and this notebook. Please upvote

Upvote these too if possible thanks

https://www.kaggle.com/code/yash161101/simple-naive-approach-make-your-first-submission"
2024-07-30 08:14:21,–ù–µ–∏–∑–≤–µ—Å—Ç–Ω—ã–π,
2024-07-30 07:52:53,zd_daria,
2024-07-30 03:49:19,rated_un_47,"Good day peeps!
Kindly upvote any 3 notebooks of mine. Let's grow together!

https://www.kaggle.com/naniruddhan/code
Thanks in advance"
2024-07-30 00:31:00,harissaifi,"https://www.kaggle.com/discussions/getting-started/522017..

I think it will be helpful to you guys please enjoy , upvote and comment"
